"","idx","obs"
"1",0,-10.6264538107423
"2",1,-9.81635667577792
"3",2,-10.83562861241
"4",3,1.59528080213779
"5",4,0.329507771815361
"6",5,-0.820468384118015
"7",6,0.487429052428485
"8",7,0.738324705129217
"9",8,0.575781351653492
"10",9,9.69461161284364
"11",10,11.5117811684508
"12",11,10.3898432364114
"13",12,9.3787594194582
"14",13,7.7853001128225
"15",14,11.1249309181431
"16",15,9.95506639098477
"17",16,9.98380973690105
"18",17,10.9438362106853
